{
  "record": null,
  "eval": {
    "per_seed": {
      "0": 2.5921042715908786
    },
    "value": 2.5921042715908786,
    "valid": true,
    "raw": 2.5921042715908786,
    "msg": "ok"
  }
}