{
  "record": null,
  "eval": {
    "per_seed": {
      "0": 2.1406666666666663
    },
    "value": 2.1406666666666663,
    "valid": true,
    "raw": 2.1406666666666663,
    "msg": "ok"
  }
}